"Borough","NTAName","SiteName","SiteAddr","Hosted_By","Open_Month","Day_Hours","Notes","Website","BoroCD","CouncilDis","ct2010","BBL","BIN","Latitude","Longitude","PolicePrec","Object.ID","Location.Point","App.Android","App.iOS","X.Assembly.District","X.Congress.District","DSNY.District","X.DSNY.Section","DSNY.Zone","Senate.District"
"Brooklyn","Bay Ridge","4th Avenue Presbyterian Church","6753 4th Avenue, Brooklyn, NY 11220","4th Avenue Presbyterian Church","Year Round","Every day (Start Time: Dawn - End Time:  Dusk)","No meat, bones, or dairy.","",310,47,3012600,NA,NA,40.635514,-74.022767,68,60813,"POINT (-74.022767 40.635514)","","",51,10,"BKS10","BKS101","BKS",17
"Manhattan","East Midtown-Turtle Bay","Dag Hammarskjold Plaza Greenmarket","E 47th St & 2nd Ave","GrowNYC","Year Round","Wednesday (Start Time: 8:00 AM - End Time:  12:30 PM)","","grownyc.org/compost",106,4,1009000,NA,NA,40.752606,-73.969036,17,60673,"POINT (-73.969036 40.752606)","","",74,12,"MN06","MN063","MN",28
"Manhattan","Hell's Kitchen","Hudson River Park's Pier 84 at W. 44th St.","Pier 84 at W. 44th St. near dog park","Staff at Hudson River Park","Year Round","Every day (Start Time: 7:00 AM - End Time:  7:00 PM)","","https://hudsonriverpark.org/the-park/sustainability/community-compost-program/",104,3,1012901,NA,NA,40.76346,-74.00025,18,60641,"POINT (-74.00025 40.76346)","","",67,12,"MN04","MN043","MN",47
"Manhattan","East Midtown-Turtle Bay","58th Street Library FSDO","127 East 58th Street","GrowNYC","Year Round","Wednesdays (Start Time: 7:30 AM - End Time:  1:30 PM)","","grownyc.org/compost",105,4,1011203,NA,NA,40.76198,-73.9693,18,60634,"POINT (-73.9693 40.76198)","","",73,12,"MN05","MN052","MN",28
"Manhattan","Tribeca-Civic Center","Tribeca Greenmarket","Greenwich St. & Duane St","GrowNYC","Year Round","Saturday (Start Time: 8:00 AM - End Time:  1:00 PM)","","grownyc.org/compost",101,1,1003900,NA,NA,40.717424,-74.010793,1,60546,"POINT (-74.010793 40.717424)","","",66,10,"MN01","MN013","MN",27
"Staten Island","St. George-New Brighton","St. George Greenmarket","St. Marks Pl and Hyatt St","NYC Compost Project Hosted by Snug Harbor Cultural Center & Botanical Garden","Year Round","Saturday (Start Time: 8:00 AM - End Time:  1:00 PM)","","snug-harbor.org",501,49,5000300,NA,NA,40.641967,-74.077928,120,60506,"POINT (-74.077928 40.641967)","","",61,11,"SI01","SI012","SI",23
"Manhattan","Manhattanville-West Harlem","St. Mary's Harlem","521 W 126th St, New York, NY 10027","GrowNYC","Year Round","Friday (Start Time: 8:30 AM - End Time:  12:30 PM)","No meat, bones, or dairy","stmarysharlem.org",109,7,1021900,NA,NA,40.8149687,-73.9560903,26,60491,"POINT (-73.9560903 40.8149687)","","",70,13,"MN09","MN092","MN",30
"Brooklyn","Crown Heights (North)","1100 Bergen Street Community Garden","1107 Bergen Street, Brooklyn, NY 11216","Volunteers at 1100 Bergen Street Community Garden","Year Round","Sunday (Start Time: 10:00 AM - End Time:  3:00 PM)","","https://bqlt.org/garden/1100-block-bergen-st-community-garden",308,36,3031500,NA,NA,40.67629,-73.94925,77,60467,"POINT (-73.94925 40.67629)","","",56,9,"BKN08","BKN082","BKN",20
"Brooklyn","Prospect Park","Nurture BK","Prospect Park, West of the entrance on Parkside Av (& Ocean Av)","Nurture BK","Year Round","Sunday (Start Time: 9:00 AM - End Time:  11:00 AM)","","https://www.instagram.com/nurturebk_compost/",355,39,3017700,NA,NA,40.654917,-73.962083,78,60451,"POINT (-73.962083 40.654917)","","",44,10,"","","BKS",20
"Brooklyn","Bushwick (West)","BK Rot","1309 Dekalb Ave, Brooklyn, NY 11221 (Know Waste Lands Community Garden)","BK Rot","Year Round","Sunday (Start Time: 12:00 PM - End Time:  3:00 PM)","","BKrot.org",304,34,3042300,NA,NA,40.697694,-73.925806,83,60403,"POINT (-73.925806 40.697694)","","",53,7,"BKN04","BKN041","BKN",18
"Brooklyn","Fort Greene","Fort Greene Greenmarket","Washington Park and Myrtle Ave","GrowNYC","Year Round","Saturday (Start Time: 9:00 AM - End Time:  2:00 PM)","","grownyc.org/compost",302,35,3003102,NA,NA,40.69288,-73.97391,88,60822,"POINT (-73.97391 40.69288)","","",57,7,"BKN02","BKN024","BKN",25
"Staten Island","Todt Hill-Emerson Hill-Lighthouse Hill-Manor Heights","Grace Foundation","460w Brielle Avenue","Grace Foundation","Year Round","Monday (Start Time: 9:00 AM - End Time:  12:00 PM)","","graceofny.org",502,50,5018100,5009550100,5000000,40.592723,-74.135113,122,60891,"POINT (-74.135113 40.592723)","","",63,11,"SI02","SI023","SI",24
"Brooklyn","Brownsville","Iso Student Farm","514 Rockaway Avenue, Brooklyn, NY 11212","Volunteers at Isabahlia LOE Foundation","April - October","Friday and Saturday (Start Time: 9:00 AM - End Time:  1:00 PM)","","https://www.isabahlialoefinc.org/",316,41,3092400,NA,NA,40.6674207,-73.9102833,73,60803,"POINT (-73.9102833 40.6674207)","","",55,8,"BKN16","BKN162","BKN",25
"Manhattan","East Village","La Plaza Cultural Community Garden","674 East 9th Street","La Plaza Cultural Community Garden","April-November","Saturday and Sunday (Start Time: 2:00 PM - End Time:  4:00 PM)","Please carefully read instructions here: https://bit.ly/laplazadropoff","https://bit.ly/laplazadropoff",103,2,1002602,NA,NA,40.72534977,-73.97862785,9,60583,"POINT (-73.97862785 40.72534977)","","",74,10,"MN03","MN034","MN",27
"Queens","Baisley Park","South Jamaica Infinity Garden","150-04 115 Dr, Jamaica, NY, 11434","South Jamaica Infinity Garden","May - October","Sun& Weds (Start Time: Sun: 10:30AM - End Time:  Sun: 11:30AM)","","",412,28,4027200,NA,NA,40.683367,-73.7922279,113,60886,"POINT (-73.7922279 40.683367)","","",32,5,"QE12","QE125","QE",10
"Queens","Douglaston-Little Neck","St. Anastasia Roman Catholic Church","246-02 Northern Blvd; Enter the path to the right of the school yard to the student garden","St. Anastasia Roman Catholic Church","Year Round","Friday and Saturday (Start Time: Friday 8:00 AM, Saturday 12:00 PM - End Time:  Friday 12:00 PM, Saturday 12:30 PM)","","https://www.sta.nyc/",411,19,4150701,NA,NA,40.7657836,-73.7408196,111,60881,"POINT (-73.7408196 40.7657836)","","",26,3,"QE11","QE114","QE",11
"Brooklyn","Cypress Hills","Cypress Hills Farmstand","Fulton St, between Logan and Richmond Sts","GrowNYC","Year Round","Friday (Start Time: 10:00 AM - End Time:  1:00 PM)","No meat, bones, or dairy","grownyc.org/compost",305,37,3117800,NA,NA,40.68218,-73.87687,75,60835,"POINT (-73.87687 40.68218)","","",54,7,"BKN05","BKN052","BKN",18
"Queens","Long Island City-Hunters Point","Astoria Pug: Hunter's Point","46th Avenue and 5th Street","Astoria Pug","Year Round","Tuesday (Start Time: 9:00 AM - End Time:  12:00 PM)","","https://www.instagram.com/astoriapug/?hl=en",402,26,4000103,NA,NA,40.74777,-73.95486,108,60854,"POINT (-73.95486 40.74777)","","",36,7,"QW02","QW023","QW",59
"Bronx","Crotona Park East","Bronx River House / Starlight Park","1490 Sheridan Blvd","Bronx River Alliance","Year Round","Friday (Start Time: 9:00 AM - End Time:  11:00 AM)","","www.bronxriver.org",209,17,2015700,NA,NA,40.83285272,-73.88308033,43,60353,"POINT (-73.88308033 40.83285272)","","",85,14,"BX03","BX031","BX",32
"Manhattan","Upper West Side-Lincoln Square","Tucker Square Thursday Greenmarket","66th St and Columbus Ave.","GrowNYC","Year Round","Thursday (Start Time: 8:00 AM - End Time:  11:00 AM)","","grownyc.org/compost",107,6,1014900,NA,NA,40.773404,-73.981848,20,60706,"POINT (-73.981848 40.773404)","","",67,12,"MN07","MN071","MN",47
"Brooklyn","Greenpoint","North Brooklyn Compost","Russell Street &, Nassau Ave, Brooklyn, NY 11222","North Brooklyn Compost","Year Round","Sunday (Start Time: 10:00 AM - End Time:  1:00 PM)","","https://www.instagram.com/nbkcompost/?hl=en",301,33,3059100,NA,NA,40.724493,-73.94375,94,60849,"POINT (-73.94375 40.724493)","","",50,7,"BKN01","BKN013","BKN",59
"Brooklyn","Kensington","Kensington Food Scrap Drop-off","McDonald Ave & Albemarle Rd","GrowNYC","Year Round","Saturday (Start Time: 8:30 AM - End Time:  11:30 AM)","No meat, bones, or dairy.","grownyc.org/compost",312,39,3049600,NA,NA,40.64496,-73.98016,66,60867,"POINT (-73.98016 40.64496)","","",44,9,"BKS12","BKS125","BKS",17
"Queens","East Elmhurst","McIntosh Neighborhood Assoc.","25-16 McIntosh St, East Elmhurst, NY, 11369","","April - November","Every 3rd Saturday of the month (Start Time: 10:00 AM - End Time:  12:00 PM)","","https://bqlt.org/garden/mcintosh-neighborhood-garden",403,21,4036700,NA,NA,40.7640828,-73.8695398,115,60866,"POINT (-73.8695398 40.7640828)","","",35,14,"QW03","QW031","QW",13
"Manhattan","Hamilton Heights-Sugar Hill","Frank White Memorial Garden","506 West 143rd Street, New York, NY 10031","Brotherhood/Sister Sol","Year Round","24/7 (Start Time: 24/7 - End Time:  24/7)","Garden staff will be available for questions or concerns from 10am-6pm.","www.brotherhood-sistersol.org",109,7,1022900,NA,NA,40.824235,-73.94983,30,60502,"POINT (-73.94983 40.824235)","","",71,13,"MN09","MN093","MN",30
"Brooklyn","East New York (North)","East New York Farms: Concerned Residents of Barbey Street Community Garden","351 Barbey St, Brooklyn, NY 11207","East New York Farms","March - November","24/7 (Start Time: 24/7 - End Time:  24/7)","","ucceny.org/enyf-old/compost/",305,42,3115000,NA,NA,40.6742335,-73.8878004,75,60839,"POINT (-73.8878004 40.6742335)","","",54,8,"BKN05","BKN051","BKN",19
"Brooklyn","East Flatbush-Erasmus","Newkirk Ave - Little Haiti Food Scrap Drop-off Site","Newkirk Ave & Nostrand Ave","GrowNYC","Year Round","Wednesdays (Start Time: 9:30 AM - End Time:  1:30 PM)","","grownyc.org/compost",317,45,3082800,NA,NA,40.6400446,-73.9482956,67,60877,"POINT (-73.9482956 40.6400446)","","",42,9,"BKN17","BKN175","BKN",21
"Manhattan","Tribeca-Civic Center","Hudson River Park's Pier 25 at N. Moore St.","Pier 25 at N. Moore St. near kid's playground","Staff at Hudson River Park","Year Round","Every day (Start Time: 7:00 AM - End Time:  7:00 PM)","","https://hudsonriverpark.org/the-park/sustainability/community-compost-program/",101,1,1003900,NA,NA,40.7202214,-74.0128434,1,60547,"POINT (-74.0128434 40.7202214)","","",66,10,"MN01","MN013","MN",27
"Brooklyn","Carroll Gardens-Cobble Hill-Gowanus-Red Hook","Gowanus Salt Lot","2 2nd Ave, Brooklyn, NY 11215","NYC Compost Project Hosted by Big Reuse","Year Round","24/7 (Start Time: 24/7 - End Time:  24/7)","","https://www.bigreuse.org/service/compost/",306,39,3011902,NA,NA,40.67541,-73.99128,78,60448,"POINT (-73.99128 40.67541)","","",52,10,"BKS06","BKS064","BKS",26
"Brooklyn","Coney Island-Sea Gate","PS 90 Coney Island","2840 W 12th Street, Brooklyn, NY 11224","PS 90 Coney Island","Year Round","Wednesday (Start Time: 7:30 AM - End Time:  10:30 AM)","","",313,47,3035000,NA,NA,40.57825446,-73.97970298,60,60871,"POINT (-73.97970298 40.57825446)","","",46,8,"BKS13","BKS132","BKS",23
"Bronx","Pelham Parkway-Van Nest","Bronx Park East Farmers Market","2222 Bronx Park East, Bronx, NY, 10462","Uptown & Boogie Healthy Project","June 25 - November 12","Sundays (Start Time: 9:00 AM - End Time:  2:00 PM)","Not accepted: meat, bones, or dairy","",211,13,2023000,NA,NA,40.8504801,-73.8679953,49,60845,"POINT (-73.8679953 40.8504801)","","",80,15,"BX11","BX111","BX",33
"Brooklyn","Prospect Lefferts Gardens-Wingate","Maple Street Community Garden","237 Maple St, Brooklyn, NY 11225","Maple Street Community Garden","Year Round","Wednesday and Saturday (Start Time: 10:30 AM - End Time:  12:30 PM)","","www.maplestreetcommunitygarden.com",309,40,3080000,NA,NA,40.66085,-73.95283,71,60834,"POINT (-73.95283 40.66085)","","",43,9,"BKN09","BKN092","BKN",20
"Manhattan","West Village","Hudson River Park's Pier 51 at Horatio St.","Pier 51 at Horatio St. near playground","Staff at Hudson River Park","Year Round","Every day (Start Time: 7:00 AM - End Time:  7:00 PM)","","https://hudsonriverpark.org/the-park/sustainability/community-compost-program/",102,3,1007900,NA,NA,40.738228,-74.0104549,6,60575,"POINT (-74.0104549 40.738228)","","",66,10,"MN02","MN023","MN",47
"Queens","Jackson Heights","JH Scraps","35-20 69th Street, Jackson Heights, NY 11372","Volunteers at JH Scraps","Year Round","Saturday (Start Time: 11:00 AM - End Time:  1:00 PM)","","https://www.jhbg.org/2020/07/28/jh-scraps-reopens",402,26,4029100,NA,NA,40.750278,-73.89678,115,60862,"POINT (-73.89678 40.750278)","","",30,6,"QW02","QW021","QW",12
"Bronx","Belmont","Fordham Plaza Food Scrap Drop-off","E Fordham Rd between Webster Ave & Third Ave","GrowNYC","Year Round","Friday (Start Time: 8:00 AM - End Time:  11:30 AM)","No meat, bones, or dairy","grownyc.org/compost",206,15,2039700,NA,NA,40.8611153,-73.8900366,48,60785,"POINT (-73.8900366 40.8611153)","","",78,15,"BX06","BX061","BX",33
"Manhattan","Midtown South-Flatiron-Union Square","**Open on Mon 11/21, Tue 11/22, Wed 11/23, Fri 11/25, Sat 11/26** Union Square Gr","E 17th St & Union Square E, New York, NY","NYC Compost Project Hosted by LES Ecology Center","Year Round","Monday, Wednesday, Friday, Saturday (Start Time: 8:00 AM - End Time:  5:00 PM)","","https://www.lesecologycenter.org/programs/compost/compost-drop-off-locations/",105,2,1005200,NA,NA,40.73661,-73.9893,13,60653,"POINT (-73.9893 40.73661)","","",66,12,"MN05","MN051","MN",28
"Brooklyn","Bedford-Stuyvesant (East)","Bed Stuy Fresh Food Box","Decatur St and Lewis Ave","GrowNYC","Year Round","Saturday (Start Time: 11:00 AM - End Time:  3:00 PM)","","grownyc.org/compost",303,36,3027300,NA,NA,40.68133,-73.93481,81,60377,"POINT (-73.93481 40.68133)","","",56,8,"BKN03","BKN033","BKN",25
"Brooklyn","Sunset Park (Central)","7th Ave Sunset Park Greenmarket","7th Ave & 44th St","GrowNYC","Year Round","Saturday (Start Time: 8:00 AM - End Time:  12:00 PM)","No meat, bones, or dairy.","grownyc.org/compost",307,38,3008600,NA,NA,40.646152,-74.002213,72,60807,"POINT (-74.002213 40.646152)","","",51,10,"BKS07","BKS072","BKS",17
"Manhattan","Washington Heights (South)","Morris-Jumel Community Garden","457 West 162nd Street","Morris-Jumel Community Garden compost volunteers","Year Round","Saturday and Sunday (Start Time: 12:00 PM - End Time:  5:00 PM)","Please bring your food scraps to the “Compost Here” bin at the back of the garden Sat-Sun 12-5 and whenever the garden gate is open. We will have brown bins out on the sidewalk on other days and times when we have capacity to haul these food scraps to ou","",112,10,1024301,NA,NA,40.83593121,-73.93919065,33,60538,"POINT (-73.93919065 40.83593121)","","",72,13,"MN12","MN121","MN",31
"Staten Island","Tompkinsville-Stapleton-Clifton-Fox Hills","Staten Island Urban Center","208 Bay Street","Staten Island Urban Center","Year Round","Saturday (Start Time: 11:00 AM - End Time:  1:30 PM)","","www.siurbancenter.org",501,49,5002100,NA,NA,40.63692705,-74.07670907,120,60510,"POINT (-74.07670907 40.63692705)","","",61,11,"SI01","SI011","SI",23
"Manhattan","East Harlem (North)","Pleasant Village Community Garden","Along gates on the southside of 119th Street between Pleasant Avenue and FDR Drive","Pleasant Village Community Garden","Year Round","24/7 (Start Time: 24/7 - End Time:  24/7)","","http://facebook.com/pleasantvillagecommunitygarden",111,8,1017800,NA,NA,40.796764,-73.931341,25,60744,"POINT (-73.931341 40.796764)","","",68,13,"MN11","MN112","MN",29
"Brooklyn","Flatbush (West)-Ditmas Park-Parkville","Cortelyou Greenmarket","Cortelyou Rd and Rugby Rd","GrowNYC","Year Round","Sunday (Start Time: 9:00 AM - End Time:  1:00 PM)","","grownyc.org/compost",314,40,3152200,NA,NA,40.641194,-73.965472,70,60830,"POINT (-73.965472 40.641194)","","",44,9,"BKS14","BKS142","BKS",21
"Brooklyn","Ocean Hill","Farmers Garden","1899 Bergen Street","Volunteers at Farmers Garden","Seasonal","Thursday, Saturday, Sunday (Start Time: Thursday 1:00 PM, Saturday 11:00 AM, Sunday 11:00 AM - End Time:  Thursday 4:00 PM, Saturday 3:00 PM, Sunday 3:00 PM)","","",316,41,3030300,3014460063,3000000,40.67465,-73.91823,73,60802,"POINT (-73.91823 40.67465)","","",55,8,"BKN16","BKN161","BKN",25
"Bronx","Tremont","La Familia Verde Farmer's Market","Tremont Ave between LaFontaine and Arthur Ave (Tremont Park)","Volunteers at La Familia Verde Farmers Market","July- November 16","Tuesday (Start Time: 8:00 AM - End Time:  2:00 PM)","Visit the Center Farm stand to drop off your food scraps.","http://www.lafamiliaverde.org/",206,15,2039500,NA,NA,40.846468,-73.894107,48,60775,"POINT (-73.894107 40.846468)","","",86,15,"BX06","BX062","BX",32
"Queens","Rockaway Beach-Arverne-Edgemere","Far Rock Urban Agro-Education Center","45-55 Beach Channel Dr, Far Rockaway, NY, 11691","","July - November","Tuesday and Thursday (Start Time: 10:00 AM - End Time:  2:00 PM)","","",414,31,4097204,NA,NA,40.59549,-73.77648,101,60890,"POINT (-73.77648 40.59549)","","",31,5,"QE14","QE142","QE",10
"Bronx","Mott Haven-Port Morris","Padre Plaza Community Garden","541 E 139th St, Bronx, NY 10454","Padre Plaza Community Garden","Year Round","Monday and Wednesday (Start Time: 12:00 PM - End Time:  5:00 PM)","","",201,8,2003900,NA,NA,40.80796868,-73.917581,40,60817,"POINT (-73.917581 40.80796868)","","",84,15,"BX01","BX012","BX",29
"Manhattan","Chelsea-Hudson Yards","Hudson River Park Pier 66 at W 26 St","Pier 66 at W 26 St","Staff at Hudson River Park","Year Round","Every day (Start Time: 7:00 AM - End Time:  7:00 PM)","","https://hudsonriverpark.org/the-park/sustainability/community-compost-program/",104,3,1009902,NA,NA,40.752222,-74.008278,10,60685,"POINT (-74.008278 40.752222)","","",75,12,"MN04","MN042","MN",47
"Manhattan","East Harlem (North)","Carver Community Garden","242 East 124th","Carver Community Garden","Year Round","Wednesday (Start Time: 10:00 AM - End Time:  1:00 PM)","","",111,8,1019400,NA,NA,40.802223,-73.934723,25,60750,"POINT (-73.934723 40.802223)","","",68,13,"MN11","MN113","MN",30
"Queens","Baisley Park","50 Cent Community Garden","117-15 165th St. Queens, New York, 11434","50 Cent Community Garden","April - November","Saturdays (Start Time: 11:00 AM - End Time:  1:00 PM)","","",412,28,4028400,NA,NA,40.6846363,-73.7809824,113,60885,"POINT (-73.7809824 40.6846363)","","",32,5,"QE12","QE125","QE",10
"Brooklyn","Flatbush (West)-Ditmas Park-Parkville","Q Gardens","58 E 18th St, Brooklyn, NY 11226","Q Gardens","Year Round","Tuesday, Friday, Saturday, Sunday (Start Time: Tuesday 6:00 PM, Friday - Sunday Dawn - End Time:  Tuesday 8:00 PM. Friday + Saturday all night, Sunday until 4:00PM)","No meat, bones, or dairy.","https://qgardenscf.com/places-to-drop-off-your-compost/",314,40,3050600,NA,NA,40.649778,-73.963194,70,60831,"POINT (-73.963194 40.649778)","","",42,9,"BKS14","BKS141","BKS",21
"Bronx","Throgs Neck-Schuylerville","The Garden at Preston","2780 Schurz Ave, The Bronx, NY 10465 (Intersection of Schurz Avenue and Huntington Avenue)","Northeast Bronx Farmers Market Project","March - November","Tuesday (Start Time: 4:00 PM - End Time:  7:00 PM)","","https://www.facebook.com/northeastbronxcommunityfarmersmarket/",210,13,2013200,NA,NA,40.8139813,-73.81908033,45,60362,"POINT (-73.81908033 40.8139813)","","",82,14,"BX10","BX103","BX",34
"Brooklyn","Brownsville","Abib Newborn Learning Garden","495 Osborn St, Brooklyn, NY 11212","Volunteers at Abib Newborn Learning Garden","Year Round","Monday, Wednesday, Friday (Start Time: 10:00 AM - End Time:  6:00 PM)","","https://cityparksfoundation.org/learning-gardens/",316,41,3092000,NA,NA,40.65952663,-73.90591,73,60806,"POINT (-73.90591 40.65952663)","","",55,8,"BKN16","BKN161","BKN",19
"Manhattan","The Battery-Governors Island-Ellis Island-Liberty Island","Governors Island Zero Waste Stations","Several locations throughout Governors Island","NYC Compost Project Hosted by Earth Matter NY","Year Round","Whenever the Island is open to the public  (check ferry schedule) (Start Time: Check ferry schedule - End Time:  Check ferry schedule)","","",101,1,1000500,NA,NA,40.691403,-74.019696,1,60557,"POINT (-74.019696 40.691403)","","",61,10,"MN01","","MN",26
"Queens","Jackson Heights","Jackson Heights Greenmarket","79th St and Northern Blvd","GrowNYC","Year Round","Sunday (Start Time: 8:30 AM - End Time:  2:00 PM)","","grownyc.org/compost",403,25,4028500,NA,NA,40.753687,-73.886999,115,60863,"POINT (-73.886999 40.753687)","","",34,6,"QW03","QW032","QW",13
"Queens","Forest Hills","Commonpoint Queens in partnership with The Forest Hills Green Team","NE corner of 67 Rd & 108th Street 67-09 108th St, Forest Hills, NY 11375","Forest Hills Green Team","Year Round","Sunday (Start Time: 10:00 AM - End Time:  1:00 PM)","","commonpointqueens.org",406,29,4074100,NA,NA,40.728415,-73.84711,112,60853,"POINT (-73.84711 40.728415)","","",28,6,"QW06","QW061","QW",14
"Brooklyn","Downtown Brooklyn-DUMBO-Boerum Hill","Vinegar Hill Community Garden","199 York St, Brooklyn, NY 11201","Members of Vinegar Hill Community Garden","Year Round","Sunday (Start Time: 12:30 PM - End Time:  2:00 PM)","","https://groundcycle.org/",302,33,3002100,NA,NA,40.701501,-73.98263,84,60821,"POINT (-73.98263 40.701501)","","",52,10,"BKN02","BKN021","BKN",26
"Brooklyn","Crown Heights (North)","Imani Community Garden","87-91 Schenectady Ave, Brooklyn, NY 11213","Imani Community Garden","Year Round","Wednesday and Saturday (Start Time: Saturday 11:00 AM, Wednesday 8:00 AM - End Time:  Saturday 1:00 PM, Wednesday 10:00 AM)","","https://www.facebook.com/Imani-Garden-168006109999475/",308,36,3030900,NA,NA,40.67623,-73.93295,77,60484,"POINT (-73.93295 40.67623)","","",56,9,"BKN08","BKN083","BKN",20
"Brooklyn","Crown Heights (North)","Crown Heights Franklin Ave Food Scrap Drop-off","Franklin Avenue & Eastern Parkway","GrowNYC","Year Round","Thursday (Start Time: 8:30 AM - End Time:  11:30 AM)","","grownyc.org/compost",308,35,3021900,NA,NA,40.670745,-73.957743,77,60462,"POINT (-73.957743 40.670745)","","",57,9,"BKN08","BKN081","BKN",20
"Queens","Kew Gardens","Kew Gardens Cinemas Park","8105 Lefferts Blvd, Kew Gardens, NY 11415","Kew Gardens CSA, sponsored by Kew Gardens Cinemas","Year Round","Sunday (Start Time: 8:30 AM - End Time:  12:00 PM)","","kewgardenscsa.org",409,29,4013600,NA,NA,40.70888,-73.82917,102,60870,"POINT (-73.82917 40.70888)","","",28,5,"QW09","QW094","QW",14
"Bronx","Highbridge","Target Bronx Community Garden","1024 Woodycrest Avenue","Target Bronx Community Garden","Year Round","Monday (Start Time: 10:00 AM - End Time:  5:00 PM)","Bins at gate during winter months","www.targetbronxcommunitygarden.org",204,16,2018900,NA,NA,40.83316,-73.92728,44,60754,"POINT (-73.92728 40.83316)","","",77,15,"BX04","BX041","BX",29
"Queens","Sunnyside Yards (South)","Sunnyside Greenmarket","Skillman Ave between 42nd St. and 43rd St.","GrowNYC","Year Round","Saturday (Start Time: 9:00 AM - End Time:  1:00 PM)","","grownyc.org/compost",402,26,4017101,NA,NA,40.746948,-73.921208,108,60858,"POINT (-73.921208 40.746948)","","",37,7,"QW02","QW022","QW",12
"Bronx","Kingsbridge Heights-Van Cortlandt Village","Kingsbridge Heights Community Center","3101 Kingsbridge Terrace, Bronx NY 10463","Staff at Kingsbridge Heights Community Center","Year Round","Wednesday (Start Time: 12:00 PM - End Time:  2:00 PM)","","www.khcc-nyc.org",208,14,2027700,NA,NA,40.877299,-73.900709,50,60799,"POINT (-73.900709 40.877299)","","",81,13,"BX08","BX081","BX",31
"Brooklyn","Williamsburg","McCarren Park Greenmarket","N 12th St and Driggs Ave","GrowNYC","Year Round","Saturday (Start Time: 8:00 AM - End Time:  12:00 PM)","","grownyc.org/compost",301,33,3051900,NA,NA,40.71974,-73.953394,94,60850,"POINT (-73.953394 40.71974)","","",50,7,"BKN01","BKN011","BKN",59
"Manhattan","Harlem (South)","Joseph Daniel Wilson Memorial Garden","219 W 122nd St, New York, NY 10027","Project Harmony","Year Round","Sunday (Start Time: 10:00 AM - End Time:  Dusk)","","https://projectharmonynyc.org/",110,9,1022200,NA,NA,40.8075392,-73.9506789,28,60694,"POINT (-73.9506789 40.8075392)","","",70,13,"MN10","MN101","MN",30
"Queens","Corona","Corona Greenmarket","Roosevelt Ave at 103 Street, Queens","GrowNYC","Year Round","Friday (Start Time: 8:00 AM - End Time:  1:30 PM)","No meat, bones, or dairy","grownyc.org/compost",404,21,4040501,NA,NA,40.749728,-73.862513,110,60826,"POINT (-73.862513 40.749728)","","",39,14,"QW04","QW043","QW",13
"Bronx","Norwood","Museum of Bronx History","3266 Bainbridge Avenue, Bronx, NY 10467","Museum of Bronx History","July - September","Alternating Tuesdays: 7/11, 7/25, 8/8, 8/22, 9/5, 9/19 (Start Time: 11:00 AM - End Time:  3:00 PM)","","https://bronxhistoricalsociety.org/museum",207,11,2042300,NA,NA,40.8774032,-73.8794743,52,60794,"POINT (-73.8794743 40.8774032)","","",81,15,"BX07","BX073","BX",33
"Manhattan","West Village","Hudson River Park's Pier 40 at W. Houston St.","Pier 40 at Houston St. near dog park","Staff at Hudson River Park","Year Round","Every day (Start Time: 7:00 AM - End Time:  7:00 PM)","","https://hudsonriverpark.org/the-park/sustainability/community-compost-program/",102,3,1006900,NA,NA,40.7298117,-74.0110087,6,60562,"POINT (-74.0110087 40.7298117)","","",66,10,"MN02","MN021","MN",27
"Queens","Astoria (North)-Ditmars-Steinway","Astoria Pug: Hoyt","Northwest corner of Hoyt Avenue North and 21st Street, in a courtyard that’s officially called SITTING AREA","Astoria Pug","Year Round","Saturday: After 9 AM (Start Time: Varies - End Time:  Varies)","","https://www.instagram.com/astoriapug/?hl=en",401,22,4009500,NA,NA,40.77538,-73.92302,114,60340,"POINT (-73.92302 40.77538)","","",36,14,"QW01","QW011","QW",59
"Queens","Astoria (Central)","Astoria Pug: Most Precious Blood","32-23 36th St, Queens, NY 11106 (inside parking lot)","Astoria Pug","Year Round","24/7 (Start Time: 24/7 - End Time:  24/7)","","https://www.instagram.com/astoriapug/?hl=en",401,22,4005900,NA,NA,40.75914,-73.92146,114,60313,"POINT (-73.92146 40.75914)","","",36,14,"QW01","QW014","QW",59
"Manhattan","West Village","Abingdon Square Greenmarket","W 12th St and 8th Ave","GrowNYC","Year Round","Saturday (Start Time: 8:00 AM - End Time:  2:00 PM)","","grownyc.org/compost",102,3,1007700,NA,NA,40.737472,-74.005095,6,60574,"POINT (-74.005095 40.737472)","","",66,10,"MN02","MN023","MN",27
"Queens","Jamaica","King Manor Museum","150-03 Jamaica Ave, Jamaica, NY 11432","King Manor Museum","Year Round","Friday and Saturday (Start Time: Friday 10 AM; Saturday 9:30 - End Time:  Friday 4:00 PM, Saturday 2:30 PM)","","https://www.kingmanor.org/",412,27,4024000,NA,NA,40.70216,-73.80445,103,60882,"POINT (-73.80445 40.70216)","","",32,5,"QE12","QE121","QE",14
"Manhattan","Hamilton Heights-Sugar Hill","145th St Food Scrap Drop-off","145th St & Edgecombe Ave","GrowNYC","Year Round","Thursday (Start Time: 7:30 AM - End Time:  12:00 PM)","","grownyc.org/compost",110,9,1023100,NA,NA,40.823692,-73.943764,30,60503,"POINT (-73.943764 40.823692)","","",71,13,"MN10","MN104","MN",30
"Brooklyn","East New York (North)","East New York Farms: Nehemiah Ten Community Garden","565 Barbey St, Brooklyn, NY 11207","East New York Farms","Year Round","Sunday from 9am - 3pm; Monday from 6:30pm - 8pm; Tuesday from 6:30pm - 8pm; Friday from 6:30pm - 8pm; Saturday from 8am - 2pm (Start Time: Sunday from 9am - 3pm; Monday from 6:30pm - 8pm; Tu","","ucceny.org/enyf-old/compost/",305,42,3116200,NA,NA,40.6688541,-73.8857006,75,60838,"POINT (-73.8857006 40.6688541)","","",60,8,"BKN05","BKN054","BKN",19
"Brooklyn","The Evergreens Cemetery","Aberdeen Community Garden","91 Aberdeen St, Brooklyn, 11207","BK Rot","Year Round","Sunday (Start Time: 1:00 PM - End Time:  December-February 4:00 PM, March-November 5:00 PM)","","www.bkrot.org",304,37,3040700,NA,NA,40.6840598,-73.9050492,83,60420,"POINT (-73.9050492 40.6840598)","","",54,7,"BKN04","BKN043","BKN",18
"Brooklyn","Dyker Heights","Lief Ericson Park Food Scrap Drop-off Site","Fort Hamilton Pkwy b/t 66 & 67 Sts","GrowNYC","Year Round","Wednesdays (Start Time: 8:30 AM - End Time:  12:30 PM)","","grownyc.org/compost",310,38,3012801,NA,NA,40.62988,-74.010582,68,60814,"POINT (-74.010582 40.62988)","","",49,10,"BKS10","BKS104","BKS",17
"Bronx","Parkchester","Parkchester Greenmarket","Westchester Ave and White Plains Rd.","GrowNYC","Year Round","Friday (Start Time: 8:00 AM - End Time:  12:00 PM)","No meat, bones, or dairy","grownyc.org/compost",209,18,2021602,NA,NA,40.83343,-73.861655,43,60354,"POINT (-73.861655 40.83343)","","",87,14,"BX09","BX093","BX",34
"Manhattan","Upper East Side-Lenox Hill-Roosevelt Island","Roosevelt Island Farmers Market","543 Main St, New York, NY 10044","Haki Compost Collective","Year Round","Saturday (Start Time: 9:00 AM - End Time:  2:00 PM)","","https://www.instagram.com/hakicompost/",108,5,1023803,NA,NA,40.761833,-73.950139,114,60344,"POINT (-73.950139 40.761833)","","",76,12,"MN08","","MN",28
"Manhattan","Chelsea-Hudson Yards","Hudson River Park's Chelsea Waterside Park at W. 23rd St.","Chelsea Waterside Park near the playground","Staff at Hudson River Park","Year Round","Every day (Start Time: 7:00 AM - End Time:  7:00 PM)","","https://hudsonriverpark.org/the-park/sustainability/community-compost-program/",104,3,1009901,NA,NA,40.7489842,-74.0071142,10,60679,"POINT (-74.0071142 40.7489842)","","",75,12,"MN04","MN042","MN",47
"Manhattan","Hamilton Heights-Sugar Hill","Jenny's Garden","699 West 138th Street","Jenny's Garden","Year Round","Sunday (Start Time: 12:00 PM - End Time:  1:00 PM)","Year Round: check social media for open hour updates + November - March only open on Saturday 11-12pm. ""WEATHER PERMITTING! Check IG/FB for weekend updates.  Please DO NOT leave bags of food scraps by gate when the garden is closed.  Remember to remove p","https://www.facebook.com/JennysGardenRiverside",109,7,1022500,NA,NA,40.823225,-73.95617,30,60498,"POINT (-73.95617 40.823225)","","",71,13,"MN09","MN092","MN",30
"Manhattan","Upper West Side (Central)","79th St. Greenmarket","77th Street between Columbus Ave and Central Park West","GrowNYC","Year Round","Sunday (Start Time: 9:00 AM - End Time:  3:00 PM)","","grownyc.org/compost",107,6,1016500,NA,NA,40.780087,-73.974657,20,60718,"POINT (-73.974657 40.780087)","","",67,12,"MN07","MN072","MN",47
"Queens","Glendale","Glendale Community Garden","74-10 88th St, Glendale, NY 11385","Volunteers at Glendale Community Garden","Year Round","Friday and Saturday (Start Time: 11:00 AM - End Time:  4:00 PM)","","",405,32,4063700,NA,NA,40.707547,-73.864884,104,60878,"POINT (-73.864884 40.707547)","","",28,7,"QW05","QW054","QW",15
"Bronx","Mount Eden-Claremont (West)","New Settlement Community Center","1501 Jerome Ave, Bronx, NY 10452","New Settlement's Community Food Action","Year Round","Thursday, Friday, Saturday (Start Time: Thursday 1:00 PM, Friday 1:00 PM, Saturday 10:30 AM - End Time:  Thursday 5:00 PM, Friday 5:00 PM, Saturday 12:30 PM)","","NewSettlement.org/food",204,16,2020900,NA,NA,40.8432747,-73.9162121,44,60762,"POINT (-73.9162121 40.8432747)","","",77,15,"BX04","BX043","BX",29
"Queens","Queensbridge-Ravenswood-Dutch Kills","Socrates Sculpture Park","Broadway & Vernon Blvd, Queens, NY 11106","Socrates Sculpture Park","Year Round","Every day (Start Time: 9:00 AM - End Time:  Dusk)","","socratessculpturepark.org",401,22,4003700,NA,NA,40.768389,-73.937,114,60322,"POINT (-73.937 40.768389)","","",36,14,"QW01","QW013","QW",59
"Bronx","Mott Haven-Port Morris","Friends of Brook Park Community Garden","494 E 141st St, The Bronx, NY 10454","Volunteers at Friends of Brook Park Community Garden","Year Round","Saturday and Sunday (Start Time: 10:00 AM - End Time:  4:00 PM)","","",201,8,2003900,NA,NA,40.8097074,-73.9185797,40,60818,"POINT (-73.9185797 40.8097074)","","",84,15,"BX01","BX011","BX",29
"Queens","Rockaway Beach-Arverne-Edgemere","Edgemere Farm","385 Beach 45th St, Far Rockaway, NY 11691","Volunteers at Edgemere Farm","Year Round","Wednesday, Thursday, Friday, Saturday (Start Time: 10:00 AM - End Time:  Wednesday-Friday 5:00 PM, Saturday 3:00 PM)","","http://www.edgemerefarm.org/",414,31,4097204,NA,NA,40.595012,-73.7765544,101,60889,"POINT (-73.7765544 40.595012)","","",31,5,"QE14","QE142","QE",10
"Manhattan","Inwood Hill Park","Inwood Greenmarket","Seaman Ave and Isham St (N corner)","GrowNYC","Year Round","Saturday (Start Time: 8:00 AM - End Time:  12:00 PM)","","grownyc.org/compost",112,10,1029700,NA,NA,40.870106,-73.920792,34,60531,"POINT (-73.920792 40.870106)","","",71,13,"MN12","MN124","MN",31
"Manhattan","Chelsea-Hudson Yards","Hudson River Park's Pier 76 at W. 34th St.","Pier 76 at 34th Street and 12th Ave outside of compost yard South of 34th St","Staff at Hudson River Park","Year Round","Every day (Start Time: 7:00 AM - End Time:  7:00 PM)","","https://hudsonriverpark.org/the-park/sustainability/community-compost-program/",104,3,1009903,NA,NA,40.756032,-74.006046,10,60686,"POINT (-74.006046 40.756032)","","",75,12,"MN04","MN042","MN",47
"Manhattan","East Village","Down to Earth Garden (formerly Children's Garden)","546 East 12th St, New York, NY 10009","Down to Earth Garden","Year Round","Tuesday and Sunday (Start Time: Tuesday 1:30 PM, Sunday 12:00 PM - End Time:  Tuesday 4:00 PM, Sunday 4:00 PM)","Keep food scraps and plant material separated. This site accepts meat, fish, and dairy","https://downtoearthgarden.org/",103,2,1002800,NA,NA,40.7281,-73.979,9,60580,"POINT (-73.979 40.7281)","","",74,10,"MN03","MN034","MN",27
"Brooklyn","Flatbush","Flatbush Junction Food Scrap Drop-off","Hillel Pl & Flatbush Ave","GrowNYC","Year Round","Friday (Start Time: 8:30 AM - End Time:  2:30 PM)","No meat, bones, or dairy","grownyc.org/compost",314,45,3077400,NA,NA,40.632583,-73.948111,70,60832,"POINT (-73.948111 40.632583)","","",42,9,"BKS14","BKS143","BKS",21
"Manhattan","Upper West Side (Central)","West Side Community Garden","West of 110 West 90th street, New York, NY 10024 (between Columbus Ave and Amsterdam Ave)","","Year Round","Sundays (Start Time: 11:00 AM - End Time:  12:00 PM)","Receptacles are placed outside the West Side Community Garden gate. No rice, bread, pasta, and grains. The drop-off will be closed during inclement weather including rain and snow. Please check www.instagram.com/westsidecommunitygarden for closure announ","https://www.westsidecommunitygarden.org/",107,6,1017300,NA,NA,40.78951562,-73.9716111,24,60725,"POINT (-73.9716111 40.78951562)","","",69,12,"MN07","MN073","MN",47
"Queens","Sunnyside","Woodside Sunnyside Composting","50th St and Barnett Avenue Woodside, NY 11104","Volunteers at Woodside Sunnyside Composting","Year Round","Sunday (Start Time: 2:00 PM - End Time:  5:00 PM (Spring, Summer))","","https://www.woodsidesunnysidecomposting.org/",402,26,4016900,NA,NA,40.75013,-73.91369,108,60859,"POINT (-73.91369 40.75013)","","",37,7,"QW02","QW022","QW",12
"Queens","Sunnyside","45th Street Composters","41-12 45th Street (45th St & Skillman Ave, Queens, NY 11104)","Volunteers at 45th Street Compost","Year Round","Sunday (Start Time: 10:30 AM - End Time:  1:00 PM)","","https://linktr.ee/45thstreetcomposters",402,26,4018300,NA,NA,40.746199,-73.919118,108,60857,"POINT (-73.919118 40.746199)","","",37,7,"QW02","QW022","QW",12
"Brooklyn","Williamsburg","Domino Park","15 River Street Brooklyn, NY 11249","Staff at Domino Park","Year Round","Monday and Thursday (Start Time: Monday 10:00 AM, Thursday, 6:00 PM - End Time:  Monday 12:00 PM, Thursday 8:00 PM)","","http://www.dominopark.com/",301,33,3055100,NA,NA,40.714448,-73.968049,90,60846,"POINT (-73.968049 40.714448)","","",50,7,"BKN01","BKN012","BKN",59
"Manhattan","Upper East Side-Yorkville","Asphalt Green Food Scrap Drop-off","East 91st St & York Ave","GrowNYC","Year Round","Sunday (Start Time: 7:30 AM - End Time:  12:30 PM)","","grownyc.org/compost",108,5,1015200,NA,NA,40.779055,-73.944665,19,60612,"POINT (-73.944665 40.779055)","","",76,12,"MN08","MN085","MN",29
"Queens","Elmhurst","St. James Compost","86-02 Broadway, Elmhurst, NY 11373","Volunteers at St. James Compost","Year Round","Every day (Start Time: 9:00 AM - End Time:  6:00 PM)","","https://www.instagram.com/stjamescompost/",404,25,4047300,NA,NA,40.73833,-73.87775,110,60827,"POINT (-73.87775 40.73833)","","",30,6,"QW04","QW041","QW",12
"Brooklyn","Marine Park-Mill Basin-Bergen Beach","Genovesi Environmental Study Center","7151 Avenue T, Brooklyn, NY 11234","Genovesi Environmental Study Center","Year Round","Monday - Friday (Start Time: 9:00 AM - End Time:  3:00 PM)","","https://www.schools.nyc.gov/learning/student-journey/experiential-learning/genovesi-environmental-study-center",318,46,3069602,NA,NA,40.62214652,-73.9084944,63,60874,"POINT (-73.9084944 40.62214652)","","",59,8,"BKS18","BKS184","BKS",21
"Brooklyn","Park Slope","Old Stone House Brooklyn","336 3rd St, Brooklyn, NY 11215","Old Stone House Brooklyn","Year Round","24/7 (Start Time: 24/7 - End Time:  24/7)","","",306,39,3013500,NA,NA,40.6727118,-73.984731,78,60447,"POINT (-73.984731 40.6727118)","","",52,10,"BKS06","BKS064","BKS",26
"Manhattan","East Harlem (North)","Rodale Pleasant Park Community Garden","437 E 114th St, New York, NY 10029","Rodale Pleasant Park Community Garden","Year Round","24/7 (Start Time: 24/7 - End Time:  24/7)","To volunteer, email Flosparks0306@gmail.com.","",111,8,1017800,NA,NA,40.79426591,-73.93441424,23,60742,"POINT (-73.93441424 40.79426591)","","",68,13,"MN11","MN112","MN",29
"Staten Island","Snug Harbor","*CLOSED UNTIL JUNE 2024* Compost Demonstration Site at Snug Harbor Cultural Cente","Compost Demonstration Site at Snug Harbor Cultural Center & Botanical Garden 1000 Richmond Terrace","NYC Compost Project Hosted by Snug Harbor Cultural Center & Botanical Garden","Year Round","Thursday and Saturday (Start Time: 4:00 PM - End Time:  7:00 PM)","","www.snug-harbor.org",501,49,5009702,NA,NA,40.641619,-74.1012686,120,60516,"POINT (-74.1012686 40.641619)","","",61,11,"SI01","SI012","SI",23
"Manhattan","Harlem (North)","Abyssinian Tot Lot","130 W 139th St, New York, NY 10030","GrowNYC and the Malcolm X Boulevard Beautification Group","Year Round","Saturday (Start Time: 8:00 AM - End Time:  12:30 PM)","","grownyc.org/compost",110,9,1023000,NA,NA,40.81714524,-73.94088227,32,60700,"POINT (-73.94088227 40.81714524)","","",70,13,"MN10","MN104","MN",30
"Queens","Kew Gardens","Anshe Shalom Chabad JCC","82-52 Abingdon Road Kew Gardens, NY 11415","Anshe Shalom Chabad JCC","Year Round","Sunday - Friday (Start Time: Dawn - End Time:  Dusk)","","https://www.chabadofthegardens.com/#utm_source=domain&utm_medium=domain&utm_campaign=chabadhome.org",409,29,4077500,NA,NA,40.7081655,-73.8342141,102,60869,"POINT (-73.8342141 40.7081655)","","",28,5,"QW09","QW094","QW",14
"Brooklyn","East Williamsburg","Sure We Can","219 McKibben Street, Brooklyn, NY 11206","Sure We Can","Year Round","Monday - Saturday (Start Time: 7:00 AM - End Time:  Monday-Friday 5:00 PM, Saturday 1:00 PM)","","http://www.surewecan.org/composting",301,34,3048500,NA,NA,40.705441,-73.93882,90,60847,"POINT (-73.93882 40.705441)","","",53,7,"BKN01","BKN015","BKN",18
"Manhattan","Lower East Side","*LAST DAY DECEMBER 4* Grand Street & Clinton Street","Grand Street & Clinton Street","NYC Compost Project Hosted by LES Ecology Center","Year Round","Monday (Start Time: 9:00 AM - End Time:  2:00 PM)","","https://www.lesecologycenter.org/programs/compost/compost-drop-off-locations/",103,1,1001401,NA,NA,40.715889,-73.986861,7,60605,"POINT (-73.986861 40.715889)","","",65,10,"MN03","MN031","MN",27
"Queens","Astoria (Central)","Astoria Pug: Broadway","32-11 31st St, Queens, NY 11106","Astoria Pug","Year Round","Saturday (Start Time: 9:00 AM - End Time:  3:00 PM)","","https://www.instagram.com/astoriapug/?hl=en",401,22,4005900,NA,NA,40.761472,-73.925611,114,60312,"POINT (-73.925611 40.761472)","","",36,14,"QW01","QW014","QW",59
"Manhattan","Hell's Kitchen","*LAST DAY DECEMBER 5* 10th Avenue and 43rd Street","Southeeast Corder of 10th Avenue and 43rd STreet, NY NY 10036","LES Ecology Center","Year Round","Tuesdays (Start Time: 9:00 AM - End Time:  12:00 PM)","","www.lesecologycenter.org",104,3,1012102,NA,NA,40.7601267,-73.9949035,10,60687,"POINT (-73.9949035 40.7601267)","","",75,12,"MN04","MN043","MN",47
"Queens","Jackson Heights","Farm Spot CSA","33-50 82nd street","Volunteers at Farm Spot","June 15-Oct 26","Thursday (Start Time: 6:00 PM - End Time:  7:30 PM)","","Farmspot.org",403,25,4028300,4012540032,4028776,40.754004,-73.885483,115,60864,"POINT (-73.885483 40.754004)","","",34,6,"QW03","QW032","QW",13
"Brooklyn","Downtown Brooklyn-DUMBO-Boerum Hill","Brooklyn Borough Hall Saturday Greenmarket","Court St. and Montague St.","GrowNYC","Year Round","Saturday (Start Time: 8:00 AM - End Time:  12:00 PM)","","grownyc.org/compost",302,33,3001100,NA,NA,40.693609,-73.990261,84,60820,"POINT (-73.990261 40.693609)","","",52,10,"BKN02","BKN021","BKN",26
"Queens","Ridgewood","Ridgewood Farmstand","Cypress Ave btw Myrtle Ave. and Putnam Ave.","GrowNYC","Year Round","Saturday (Start Time: 9:30 AM - End Time:  1:30 PM)","","grownyc.org/compost",405,34,4055100,NA,NA,40.7003,-73.906675,104,60879,"POINT (-73.906675 40.7003)","","",38,7,"QW05","QW053","QW",18
"Brooklyn","East New York-New Lots","East New York Farms: UCC Youth Farm","613 New Lots Avenue","East New York Farms","Year Round","24/7 (Start Time: 24/7 - End Time:  24/7)","","https://ucceny.org/enyf/",305,42,3112400,3040890025,3090717,40.66547,-73.88668,75,60837,"POINT (-73.88668 40.66547)","","",60,8,"BKN05","BKN054","BKN",19
"Brooklyn","East New York (North)","East New York Farms: St. John Community Garden","474 New Jersey Ave, Brooklyn, NY 11207","East New York Farms","March - November","24/7 (Start Time: 24/7 - End Time:  24/7)","","ucceny.org/enyf-old/compost/",305,42,3115600,NA,NA,40.6676529,-73.8940832,75,60842,"POINT (-73.8940832 40.6676529)","","",60,8,"BKN05","BKN054","BKN",19
"Brooklyn","Bushwick (East)","Wilson Ave Food Scrap Drop-off","Wilson Ave & Moffat St (near L train)","GrowNYC","Year Round","Thursday (Start Time: 9:00 AM - End Time:  1:00 PM)","","grownyc.org/compost",304,37,3041100,NA,NA,40.688793,-73.904826,83,60425,"POINT (-73.904826 40.688793)","","",54,7,"BKN04","BKN043","BKN",18
"Manhattan","The Battery-Governors Island-Ellis Island-Liberty Island","Governors Island Compost Learning Center","758 Enright Rd","NYC Compost Project Hosted by Earth Matter NY","May 1- November 1","Saturday and Sunday (Start Time: 12:00 PM - End Time:  4:00 PM)","","",101,1,1000500,NA,NA,40.6871579,-74.0201142,1,60556,"POINT (-74.0201142 40.6871579)","","",61,10,"MN01","","MN",26
"Brooklyn","Ocean Hill","Phoenix Community Garden","36 Somers Street, Brooklyn, NY 11233","Phoenix Community Garden","March - November","Saturday (Start Time: 11:00 AM - End Time:  3:00 PM)","","https://www.phoenixcommunitygarden.org/",316,41,3037100,NA,NA,40.6785,-73.912,73,60805,"POINT (-73.912 40.6785)","","",55,8,"BKN16","BKN162","BKN",25
"Manhattan","Upper West Side-Manhattan Valley","97th Street Greenmarket","W 97th St and Amsterdam Ave","GrowNYC","Year Round","Friday (Start Time: 8:00 AM - End Time:  12:30 PM)","No meat, bones, or dairy","grownyc.org/compost",107,7,1018500,NA,NA,40.794717,-73.969552,24,60732,"POINT (-73.969552 40.794717)","","",69,12,"MN07","MN074","MN",47
"Bronx","Tremont","Mary Mitchell Center","2007 Mapes Ave, Bronx, NY 10460","Mary Mitchell Family & Youth Center","Year Round","Monday - Friday (Start Time: 9:00 AM - End Time:  5:00 PM)","","http://themarymitchellfyc.org/",206,15,2037100,NA,NA,40.844901,-73.887287,48,60778,"POINT (-73.887287 40.844901)","","",79,15,"BX06","BX062","BX",32
"Brooklyn","Sunset Park (West)","Los Colibríes Community Garden","219 34th Street, Brooklyn 11232","Los Colibríes Community Garden","Year Round","Sunday (Start Time: 11:00 AM - End Time:  4:00 PM)","No meat, bones, or dairy.","https://www.facebook.com/jardin34/",307,38,3008400,NA,NA,40.6547305,-74.0018481,72,60810,"POINT (-74.0018481 40.6547305)","","",51,10,"BKS07","BKS072","BKS",26
"Staten Island","Port Richmond","*CLOSED FOR THE SEASON* West Brighton","Chappell Street and Henderson Avenue","Snug Harbor Youth","Seasonal","Friday (Start Time: 4:00 PM - End Time:  5:30 PM)","","snug-harbor.org",501,49,5013302,NA,NA,40.636758,-74.119727,120,60514,"POINT (-74.119727 40.636758)","","",61,11,"SI01","SI013","SI",23
"Brooklyn","Bensonhurst","Bensonhurst Greenmarket","18th Ave btwn 81st & 82nd Streets","GrowNYC","Year Round","Sunday (Start Time: 9:00 AM - End Time:  1:00 PM)","","grownyc.org/compost",311,38,3027800,NA,NA,40.609644,-73.999683,62,60815,"POINT (-73.999683 40.609644)","","",49,11,"BKS11","BKS113","BKS",17
"Queens","South Jamaica","CPF Liberty Collective Learning Garden","106-1 173rd Street, Jamaica, NY","CPF Liberty Collective Learning Garden","April - August","Mon & Weds (Start Time: 10:00 AM - End Time:  4:00 PM)","","",412,27,4044000,NA,NA,40.7018967,-73.7834692,103,60884,"POINT (-73.7834692 40.7018967)","","",29,5,"QE12","QE123","QE",14
"Queens","Rego Park","The Compost Collective","The corner of Yellowstone Blvd, and Kessel Street Forest Hills, NY 11375","The Compost Collective","Year Round (Except February)","Saturday (Start Time: 12:00 PM - End Time:  2:00 PM)","","https://www.facebook.com/pg/thecompostcollective/about/?ref=page_internal",406,30,4070300,NA,NA,40.71645,-73.85778,112,60852,"POINT (-73.85778 40.71645)","","",28,6,"QW06","QW062","QW",15
"Bronx","Norwood","Keepers House Edible Garden","3400 Reservoir Oval East","Friends of Mosholu Parkland","Year Round","Every day (Start Time: 9:00 AM - End Time:  8:00 PM)","","www.mpcbronx.org",207,11,2042300,NA,NA,40.87896,-73.87585,52,60793,"POINT (-73.87585 40.87896)","","",81,15,"BX07","BX073","BX",33
"Queens","Astoria (North)-Ditmars-Steinway","Astoria Pug: Ditmars","Ditmars #1 Municipal Parking Field 22-18 33rd Street","Astoria Pug","Year Round","Saturday (Start Time: 9:00 AM - End Time:  3:45 PM)","","https://www.instagram.com/astoriapug/?hl=en",401,22,4011500,NA,NA,40.774194,-73.911611,114,60339,"POINT (-73.911611 40.774194)","","",34,14,"QW01","QW012","QW",12
"Bronx","University Heights (North)-Fordham","New Beginnings Community Garden","2502 Davidson Ave","New Beginnings Community Garden","Year Round","Friday, Saturday, Sunday (Start Time: Saturday 2:00 PM, Sunday 2:00 PM, Friday 5:00 PM - End Time:  Saturday 5:00 PM, Sunday 5:00 PM, Friday 6:00 PM)","","@new.beginnings.garden",207,14,2026500,NA,NA,40.864176,-73.900932,52,60788,"POINT (-73.900932 40.864176)","","",78,13,"BX07","BX071","BX",31
"Manhattan","Chelsea-Hudson Yards","Hudson River Park's 14th Street Park at 10th Ave.","14th Street Park at southwest corner of 15th St. and 10th Ave","Staff at Hudson River Park","Year Round","Every day (Start Time: 7:00 AM - End Time:  7:00 PM)","","https://hudsonriverpark.org/the-park/sustainability/community-compost-program/",104,3,1009901,NA,NA,40.742827,-74.0078384,10,60678,"POINT (-74.0078384 40.742827)","","",66,10,"MN04","MN041","MN",47
"Bronx","Riverdale-Spuyten Duyvil","Riverdale Neighborhood House","5521 Mosholu Ave Bronx, NY 10471","Riverdale Neighborhood House","Year Round","Thursday (Start Time: 1:00 PM - End Time:  6:00 PM)","","https://www.riverdaleonline.org/",208,11,2033700,NA,NA,40.90354363,-73.90384467,50,60800,"POINT (-73.90384467 40.90354363)","","",81,15,"BX08","BX083","BX",33
"Brooklyn","Carroll Gardens-Cobble Hill-Gowanus-Red Hook","Christ Church Community Compost","326 Clinton Street","Volunteers at Christ Church","Year Round","Sunday and Wednesday (Start Time: Sunday 9:00 AM Wednesday 7:00 PM - End Time:  Sunday 10:00 AM, Wednesday 8:00 PM)","","www.christchurchcobblehill.net",306,39,3006700,3003240036,3003899,40.68596,-73.99701,76,60825,"POINT (-73.99701 40.68596)","","",52,10,"BKS06","BKS062","BKS",26
"Manhattan","Midtown South-Flatiron-Union Square","Madison Square Park Food Scrap Drop-off","Madison Avenue & E 25 Street","GrowNYC","Year Round","Wednesday (Start Time: 8:00 AM - End Time:  1:00 PM)","","grownyc.org/compost",105,3,1005600,NA,NA,40.742278,-73.98725,13,60651,"POINT (-73.98725 40.742278)","","",74,12,"MN05","MN051","MN",28
"Manhattan","West Village","Hudson River Park Pier 46 at Charles St","Pier 46 at Charles St","Staff at Hudson River Park","Year Round","Every day (Start Time: 7:00 AM - End Time:  7:00 PM)","","https://hudsonriverpark.org/the-park/sustainability/community-compost-program/",102,3,1007500,NA,NA,40.734225,-74.010722,6,60572,"POINT (-74.010722 40.734225)","","",66,10,"MN02","MN022","MN",27
"Manhattan","East Village","Tompkins Square Greenmarket","E 7th St & Avenue A, New York, NY 10009","NYC Compost Project Hosted by LES Ecology Center","Year Round","Sunday (Start Time: 8:00 AM - End Time:  5:00 PM)","","https://www.lesecologycenter.org/programs/compost/compost-drop-off-locations/",103,2,1003200,NA,NA,40.725995,-73.983207,9,60585,"POINT (-73.983207 40.725995)","","",74,10,"MN03","MN034","MN",27
"Bronx","Concourse-Concourse Village","New Roots Community Farm","670 Grand Concourse, The Bronx, NY 10451","GrowNYC","Year Round","Friday (Start Time: 8:00 AM - End Time:  12:00 PM)","No meat, bones, or dairy","grownyc.org/compost",204,16,2005902,NA,NA,40.82135,-73.92506,44,60756,"POINT (-73.92506 40.82135)","","",84,15,"BX04","BX041","BX",29
"Manhattan","East Village","*LAST DAY DECEMBER 4* 1st Ave and 1st St","First Avenue between Houston and First Street (West Side)","NYC Compost Project Hosted by LES Ecology Center","Year Round","Monday (Start Time: 9:00 AM - End Time:  2:00 PM)","","https://www.lesecologycenter.org/programs/compost/compost-drop-off-locations/",103,2,1003602,NA,NA,40.723183,-73.988622,9,60592,"POINT (-73.988622 40.723183)","","",66,10,"MN03","MN033","MN",27
"Queens","Bellerose","Queens County Farm Museum","73-50 Little Neck Parkway, Queens, NY 11004","Staff at Queens County Farm Museum","Year Round","Every day (Check Calendar of Events at queensfarm.org for dates when admission is charged* (and compost site is not accessible without a ticket). (Start Time: 10:00 AM - End Time:  4:00 PM)","*Farm-wide admission is charged for weekend events on 10-12 days each calendar year. Also, stop by the Farm Store to find a map for the location of tumblers for drop-off","http://queensfarm.org/",413,23,4156700,NA,NA,40.748406,-73.721002,105,60888,"POINT (-73.721002 40.748406)","","",26,3,"QE13","QE131","QE",11
"Manhattan","Upper East Side-Carnegie Hill","East 96th Street Food Scrap Drop-off","96th St & Lexington Ave","GrowNYC","Year Round","Friday (Start Time: 7:30 AM - End Time:  11:30 AM)","No meat, bones, or dairy","grownyc.org/compost",108,5,1015801,NA,NA,40.785792,-73.950833,19,60624,"POINT (-73.950833 40.785792)","","",68,12,"MN08","MN085","MN",28
"Brooklyn","Windsor Terrace-South Slope","Brooklyn Hope Church","120 16th Street, Brooklyn, New York 11215","Brooklyn Hope Church","Year Round","Sunday (Start Time: 12:00 PM - End Time:  2:00 PM)","Accepts meat, bones, and dairy","Brooklynhope.org",307,38,3014102,NA,NA,40.6657639,-73.9918034,72,60811,"POINT (-73.9918034 40.6657639)","","",51,10,"BKS07","BKS072","BKS",26
"Queens","Long Island City-Hunters Point","The Connected Chef","49-09 5th Street, Queens, NY 11101","The Connected Chef","Year Round","Friday and Saturday (Start Time: Friday 8:30 AM, Saturday 9:00 AM - End Time:  Friday 3:30 PM, Saturday 2:00 PM)","","",402,26,4000701,NA,NA,40.74387,-73.9562,108,60856,"POINT (-73.9562 40.74387)","","",37,7,"QW02","QW023","QW",59
"Staten Island","West New Brighton-Silver Lake-Grymes Hill","Grymes Hill Wagner College","1 Campus Rd, Staten Island, NY 10301","Wagner College","September - June","24/7 (Start Time: 24/7 - End Time:  24/7)","","wagner.edu",501,49,5004700,NA,NA,40.613444,-74.095028,120,60517,"POINT (-74.095028 40.613444)","","",63,11,"SI01","SI011","SI",24
"Manhattan","Chelsea-Hudson Yards","*LAST DAY DECEMBER 6* 8th Ave & 24th St","W 24th St. and 8th Ave., New York, NY, 1001 (Collection bins are on the northwest corner of W 24th St and 8th Ave., near subway exit)","NYC Compost Project Hosted by LES Ecology Center","Year Round","Wednesday (Start Time: 9:00 AM - End Time:  2:00 PM)","","https://www.lesecologycenter.org/programs/compost/compost-drop-off-locations/",104,3,1009100,NA,NA,40.745331,-73.998272,10,60682,"POINT (-73.998272 40.745331)","","",75,12,"MN04","MN042","MN",47
"Manhattan","Financial District-Battery Park City","Battery Park City Authority Rockefeller Park","Lower level downstairs at corner of Chambers St and River Terrace","Battery Park City Authority","Year Round","24/7 (Start Time: 24/7 - End Time:  24/7)","","https://bpca.ny.gov/nature-and-sustainability/sustainability/",101,1,1031703,NA,NA,40.7183877,-74.0148782,1,60549,"POINT (-74.0148782 40.7183877)","","",61,10,"MN01","MN013","MN",27
"Queens","Astoria (North)-Ditmars-Steinway","Astoria Pug: 41st Street","Ditmars Boulevard and 41st Street","Astoria Pug","Year Round","Monday (Start Time: 8:00 AM - End Time:  2:15 PM)","","https://www.instagram.com/astoriapug/?hl=en",401,22,4012100,NA,NA,40.7724122,-73.9053388,114,60338,"POINT (-73.9053388 40.7724122)","","",34,14,"QW01","QW012","QW",12
"Manhattan","East Harlem (North)","Lydia's Magic Garden","1665 Park Avenue, Manhattan 10035 between 117th and 118th Streets","Lydia's Magic Garden","Seasonal","Tuesday - Sunday (Start Time: Tuesday 5:30 PM, Wednesday 7:00 AM, Saturday 10:00 AM, Sunday 11:00 AM - End Time:  Tuesday 7:30 PM, Wednesday 9:00 AM, Saturday 12:00 PM, Sunday 1:00 PM)","Bring food scraps inside the garden to place in the compost tumbler.","https://www.facebook.com/lydiasmagicgarden/",111,8,1018200,NA,NA,40.80014,-73.94232,25,60746,"POINT (-73.94232 40.80014)","","",68,13,"MN11","MN112","MN",30
"Brooklyn","East New York-New Lots","East New York Farms: 400 Montauk Ave Block Association Garden","956 New Lots Avenue, Brooklyn, NY 11208","East New York Farms","Year Round","Sunday from 11am - 3pm and Mondays from 5:30pm - 6:30pm (Start Time: Sunday from 11am - 3pm and Mondays from 5:30pm - 6:30pm - End Time:  Sunday from 11am - 3pm and Mondays from 5:30pm - 6:3","","ucceny.org/enyf-old/compost/",305,42,3111800,NA,NA,40.6689286,-73.876838,75,60843,"POINT (-73.876838 40.6689286)","","",60,8,"BKN05","BKN053","BKN",19
"Queens","Astoria (East)-Woodside (North)","Moore-Jackson Cemetery/Garden","51st Street between 31st and 32nd Avenue, Woodside, NY 11377","Members at Moore-Jackson Garden","Year Round","Saturday (Start Time: 9:00 AM - End Time:  12:00 PM)","","https://www.facebook.com/MooreJacksonNYC/",401,25,4029500,NA,NA,40.756149,-73.907915,114,60334,"POINT (-73.907915 40.756149)","","",30,7,"QW01","QW015","QW",12
"Queens","Astoria (East)-Woodside (North)","Astoria Pug: Newtown","30-36 41st Street, Astoria, NY","Astoria Pug","Year Round","Friday (Start Time: 11:00 AM - End Time:  4:30 PM)","","https://www.instagram.com/astoriapug/?hl=en",401,22,4014900,NA,NA,40.762667,-73.915111,114,60311,"POINT (-73.915111 40.762667)","","",36,14,"QW01","QW015","QW",12
"Queens","Elmhurst","Terraza 7","40-19 Gleane Street, Elmhurst, NY, 11373","","Year Round","Sundays (Start Time: 9:30 AM - End Time:  1:30 PM)","","https://terraza7.com/",404,25,4026901,NA,NA,40.7475361,-73.8820084,110,60828,"POINT (-73.8820084 40.7475361)","","",39,6,"QW04","QW041","QW",13
"Brooklyn","East New York-New Lots","*TEMPORARILY CLOSED* Rockaway Avenue Community Compost Site","1149 Rockaway Avenue, Brooklyn NY, 11236","NYC Compost Project Hosted by LES Ecology Center","Year Round","24/7 (Start Time: 24/7 - End Time:  24/7)","","https://www.lesecologycenter.org/programs/compost/compost-drop-off-locations/",318,42,3109800,NA,NA,40.6516767,-73.9059912,69,60873,"POINT (-73.9059912 40.6516767)","","",60,8,"BKS18","BKS181","BKS",19
"Bronx","Bedford Park","Lehman College","Gate 8: Bedford Park Blvd West & Paul Ave Bronx, NY 10468","Volunteers at Lehman College","Year Round","Monday (Start Time: 9:00 AM - End Time:  12:00 PM)","","http://www.lehman.cuny.edu/",207,11,2040900,NA,NA,40.873838,-73.895344,52,60796,"POINT (-73.895344 40.873838)","","",78,13,"BX07","BX072","BX",31
"Brooklyn","East New York (North)","East New York Farms: Poppa & Momma Jones Historical Garden","337 Van Siclen Ave, Brooklyn, NY 11207","East New York Farms","March - November","24/7 (Start Time: 24/7 - End Time:  24/7)","","ucceny.org/enyf-old/compost/",305,42,3115200,NA,NA,40.671653,-73.889806,75,60841,"POINT (-73.889806 40.671653)","","",54,8,"BKN05","BKN051","BKN",19
"Brooklyn","Carroll Gardens-Cobble Hill-Gowanus-Red Hook","Red Hook Community Farm","103 Otsego St, Brooklyn, NY 11231","NYC Compost Project Hosted by Big Reuse","Year Round","24/7 (Start Time: 24/7 - End Time:  24/7)","","",306,38,3005302,NA,NA,40.6726299,-74.0103773,76,60824,"POINT (-74.0103773 40.6726299)","","",51,10,"BKS06","BKS061","BKS",26
"Brooklyn","Prospect Park","Grand Army Plaza Greenmarket","Flatbush Ave & Prospect Park W (Prospect Park entrance)","GrowNYC","Year Round","Saturday (Start Time: 8:00 AM - End Time:  3:00 PM)","","grownyc.org/compost",355,39,3017700,NA,NA,40.671899,-73.969673,78,60450,"POINT (-73.969673 40.671899)","","",44,10,"","","BKS",20
"Brooklyn","East Flatbush-Rugby","Wyckoff Farmhouse Museum","5816 Clarendon Rd, Brooklyn, NY 11203","Staff at Wychoff Farmhouse Museum","Year Round (Except February)","Every day (Start Time: Dawn - End Time:  Dusk)","","wyckoffmuseum.org",317,45,3094600,NA,NA,40.64451,-73.92038,67,60875,"POINT (-73.92038 40.64451)","","",58,9,"BKN17","BKN175","BKN",19
"Staten Island","New Springville-Willowbrook-Bulls Head-Travis","Staten Island Mall Greenmarket","Staten Island Mall, Marsh Ave & Ring Rd, Staten Island, NY 10314","NYC Compost Project Hosted by Snug Harbor Cultural Center & Botanical Garden","June 11 - November 19","Saturday (Start Time: 8:30 AM - End Time:  12:30 PM)","","snug-harbor.org",502,51,5027702,NA,NA,40.583757,-74.161931,121,60521,"POINT (-74.161931 40.583757)","","",63,11,"SI02","SI024","SI",24
"Bronx","Mount Eden-Claremont (West)","New Settlement- 170 Farm Stand","New Settlement Community Center 1501 Jerome Ave.","New Settlement- 170 Farm Stand","July 14th-November 24th","Wednesday (Start Time: 2:30 PM - End Time:  5:00 PM)","","http://www.newsettlementcommunitycenter.org/",204,16,2022300,NA,NA,40.840005,-73.916636,44,60764,"POINT (-73.916636 40.840005)","","",77,15,"BX04","BX043","BX",32
"Manhattan","Financial District-Battery Park City","Battery Park City Authority Headquarters","75 Battery Place","Battery Park City Authority","Year Round","24/7 (Start Time: 24/7 - End Time:  24/7)","","https://bpca.ny.gov/nature-and-sustainability/sustainability/",101,1,1031704,1000167517,1087842,40.7067584,-74.0171557,1,60553,"POINT (-74.0171557 40.7067584)","","",61,10,"MN01","MN011","MN",27
"Queens","Woodside","New Roots Community Garden, Queens","Adjacent to 41-38 69th Street and Woodside Avenue","New Roots Community Garden, Queens","April - October","Tuesday, Thursday, Sunday (Start Time: Sundays: 12 pm; Tuesdays + Thursdays 6 pm - End Time:  Sunday: 1 pm; Tues/thus: 7 pm)","","",402,26,4048302,NA,NA,40.74268,-73.89566,108,60860,"POINT (-73.89566 40.74268)","","",30,6,"QW02","QW021","QW",12
"Queens","Flushing-Willets Point","Queens Botanical Garden Public Food Scrap Drop-Off","Parking Garden at QBG 42-80 Crommelin Street 42-80 Crommelin Avenue, Flushing, NY 11355","NYC Compost Project Hosted by Queens Botanical Garden","Year Round","Every day (Start Time: 8:00 AM - End Time:  5:00 PM)","","",407,20,4079702,NA,NA,40.75159,-73.82981,109,60880,"POINT (-73.82981 40.75159)","","",25,6,"QE07","QE071","QE",16
"Bronx","Melrose","Rainbow Garden of Health","757 Melrose Ave Bronx, NY 10451","","Year Round","Wednesday, Thursday, Saturday (Start Time: 10:00 AM - End Time:  Wednesday 1:00 PM, Thursday 1:00 PM, Saturday 2:00 PM)","","",201,17,2006900,NA,NA,40.8215402,-73.9155499,40,60819,"POINT (-73.9155499 40.8215402)","","",79,15,"BX01","BX011","BX",29
"Brooklyn","Prospect Heights","Prospect Heights Food Scrap Drop-off","Park Place & Carlton Ave","GrowNYC","Year Round","Thursday (Start Time: 8:00 AM - End Time:  11:00 AM)","","grownyc.org/compost",308,35,3016300,NA,NA,40.67741,-73.972226,78,60445,"POINT (-73.972226 40.67741)","","",52,10,"BKN08","BKN081","BKN",20
"Brooklyn","Greenpoint","Transmitter Park Drop-Off","2 Greenpoint Ave and West Street","North Brooklyn Compost Project","Year Round","Sunday (Start Time: 11:30 AM - End Time:  1:00 PM)","","nbkcompost.org",301,33,3056500,NA,NA,40.7296982,-73.9601997,94,60848,"POINT (-73.9601997 40.7296982)","","",50,7,"BKN01","BKN011","BKN",59
"Bronx","Norwood","Norwood Farmstand","E Gun Hill Road and Dekalb Ave. (SE corner)","GrowNYC","Year Round","Thursday (Start Time: 9:00 AM - End Time:  2:00 PM)","","grownyc.org/compost",207,11,2042100,NA,NA,40.88201,-73.880346,52,60792,"POINT (-73.880346 40.88201)","","",81,15,"BX07","BX073","BX",33
"Brooklyn","East Flatbush-Remsen Village","Howard Garden","750 Howard Avenue","Howard Garden","April - October","Friday (Start Time: 9:00 AM - End Time:  10:00 AM)","","",316,41,3089200,3035500043,3000000,40.66362877,-73.9190362,73,60804,"POINT (-73.9190362 40.66362877)","","",55,9,"BKN16","BKN162","BKN",19
"Queens","Astoria (East)-Woodside (North)","Astoria Pug: Steinway","38-12 30th Ave, Queens, NY 11103","Astoria Pug","Year Round","Saturday (Start Time: 9:00 AM - End Time:  3:00 PM)","","https://www.instagram.com/astoriapug/?hl=en",401,22,4015500,NA,NA,40.764056,-73.915722,114,60310,"POINT (-73.915722 40.764056)","","",36,14,"QW01","QW014","QW",12
"Manhattan","Washington Heights (North)","181st Street Food Scrap Drop-off","W 181st St & Fort Washington Ave, New York, NY 10033","GrowNYC","Year Round","Thursday (Start Time: 8:00 AM - End Time:  12:30 PM)","","grownyc.org/compost",112,10,1027300,NA,NA,40.850947,-73.938068,34,60523,"POINT (-73.938068 40.850947)","","",71,13,"MN12","MN122","MN",31
"Queens","Forest Hills","Forest Hills Greenmarket","MacDonald Park: Queens Blvd and 70th Ave","GrowNYC and the Forest Hills Green Team","Year Round","Sunday (Start Time: 9:00 AM - End Time:  1:00 PM)","","grownyc.org/compost",406,29,4071100,NA,NA,40.721268,-73.846877,112,60851,"POINT (-73.846877 40.721268)","","",28,6,"QW06","QW062","QW",15
"Queens","East Elmhurst","East Elmhurst Community School","26-25 97th St, Queens, NY 11369","East Elmhurst Community School","Year Round","Wednesday (Start Time: 1:00 PM - End Time:  3:00 PM)","","",403,21,4036100,NA,NA,40.7616519,-73.8720745,115,60865,"POINT (-73.8720745 40.7616519)","","",35,14,"QW03","QW031","QW",13
"Brooklyn","East New York-New Lots","East New York Farms: Success Community Garden","461 Williams Avenue","East New York Farms","Year Round","Mondays, Wednesdays, and Sundays (Start Time: Monday 10-1230  tuesday 10-3  - End Time:  )","","",305,42,3113000,3038020001,3000000,40.66481607,-73.89751893,75,60836,"POINT (-73.89751893 40.66481607)","","",60,8,"BKN05","BKN054","BKN",19
"Queens","Kew Gardens","Kew Gardens Food Scrap Drop-off","Metropolitan Ave & Audley St","GrowNYC","Year Round","Thursday (Start Time: 9:30 AM - End Time:  12:30 PM)","","grownyc.org/compost",409,29,4077500,NA,NA,40.707626,-73.836079,102,60868,"POINT (-73.836079 40.707626)","","",28,5,"QW09","QW094","QW",14
"Queens","South Jamaica","Paradise Garden","107-31 Inwood St, Queens, NY 11435","Paradise Garden","July - December","Friday (Start Time: 12:00 PM - End Time:  3:00 PM)","","",412,28,4019800,NA,NA,40.69056,-73.80395,103,60883,"POINT (-73.80395 40.69056)","","",32,5,"QE12","QE122","QE",10
"Bronx","Mott Haven-Port Morris","Mott Haven Food Scrap Drop-off","541 E 139th St, Bronx, NY 10454","GrowNYC","Year Round","Wednesday (Start Time: 9:00 AM - End Time:  12:00 PM)","","grownyc.org/compost",201,8,2003900,NA,NA,40.80811,-73.91752,40,60816,"POINT (-73.91752 40.80811)","","",84,15,"BX01","BX012","BX",29
"Manhattan","Lower East Side","*LAST DAY DECEMBER 7* Corlears Hook Park","397 FDR Dr, New York, NY 10002 (Southeast corner of Cherry Street and Jackson Street)","NYC Compost Project Hosted by LES Ecology Center","Year Round","Thursday (Start Time: 9:00 AM - End Time:  2:00 PM)","","https://www.lesecologycenter.org/programs/compost/compost-drop-off-locations/",103,1,1000202,NA,NA,40.712164,-73.980547,7,60601,"POINT (-73.980547 40.712164)","","",65,10,"MN03","MN031","MN",27
"Brooklyn","Crown Heights (South)","Crown Heights Farmstand","Nostrand Ave & Crown St","GrowNYC","Year Round","Friday (Start Time: 9:00 AM - End Time:  2:00 PM)","No meat, bones, or diary","grownyc.org/compost",309,35,3032100,NA,NA,40.666485,-73.950935,71,60833,"POINT (-73.950935 40.666485)","","",43,9,"BKN09","BKN091","BKN",20
"Staten Island","West New Brighton-Silver Lake-Grymes Hill","Olivet Heavenly Harvest","97 Myrtle Avenue, Staten Island, NY","Olivet Heavenly Harvest","Closed during Winter","Saturday (Start Time: 10:00 AM - End Time:  2:00 PM)","","olivetheavenlyharvest.com",501,49,5010500,NA,NA,40.63034,-74.11616,120,60513,"POINT (-74.11616 40.63034)","","",63,11,"SI01","SI013","SI",23
"Manhattan","Hell's Kitchen","Hudson River Park Pier 96 Boathouse at W 55 St","Park Pier 96 Boathouse at W 55 St","Staff at Hudson River Park","Year Round","Every day (Start Time: 7:00 AM - End Time:  7:00 PM)","","https://hudsonriverpark.org/the-park/sustainability/community-compost-program/",104,6,1013502,NA,NA,40.771,-73.995372,18,60645,"POINT (-73.995372 40.771)","","",67,12,"MN04","MN043","MN",47
"Staten Island","St. George-New Brighton","H.E.A.L.T.H for Youths Skyline Community Garden","1 Clyde Place","H.E.A.L.T.H for Youths Skyline Community Garden","Year Round","24/7 (Start Time: 24/7 - End Time:  24/7)","","www.health4youths.org",501,49,5007700,NA,NA,40.63990101,-74.09028654,120,60508,"POINT (-74.09028654 40.63990101)","","",61,11,"SI01","SI012","SI",23
"Brooklyn","Windsor Terrace-South Slope","Prospect Farm","1194 Prospect Ave, Brooklyn, NY 11218","Prospect Farm","Year Round","Wednesday and Saturday (Start Time: Wednesday 5:00 PM, Saturday 11:00 AM - End Time:  Wednesday 6:00 PM, Saturday 12:00 PM)","","https://prospectfarm.org/composting/",307,39,3050202,NA,NA,40.654139,-73.976444,72,60809,"POINT (-73.976444 40.654139)","","",44,10,"BKS07","BKS071","BKS",20
"Manhattan","Chinatown-Two Bridges","East Broadway & Rutgers Street","East side of Rutgers St b/w East Broadway & Canal St, on the west side of Straus Sq","NYC Compost Project Hosted by LES Ecology Center","Year Round","Thursday (Start Time: 9:00 AM - End Time:  2:00 PM)","","https://www.lesecologycenter.org/programs/compost/compost-drop-off-locations/",103,1,1000600,NA,NA,40.714243,-73.990163,7,60604,"POINT (-73.990163 40.714243)","","",65,10,"MN03","MN031","MN",27
"Manhattan","East Harlem (South)","Maggie's Magic Garden","1574 Lexington Ave, New York, NY 10029","Maggie's Magic Garden","Year Round","Every day (Start Time: Dawn - End Time:  Dusk)","","",111,8,1016600,NA,NA,40.78895766,-73.94920119,23,60740,"POINT (-73.94920119 40.78895766)","","",68,13,"MN11","MN111","MN",29
"Queens","Long Island City-Hunters Point","Smiling Hogshead Ranch","Pearson Pl & Skillman Ave, Queens, NY 11101","Volunteers at Smiling Hogshead Ranch","Year Round","Every day (Start Time: Dawn - End Time:  Dusk)","","smilinghogsheadranch.org",402,26,4000104,NA,NA,40.7432328,-73.9431336,108,60855,"POINT (-73.9431336 40.7432328)","","",37,7,"QW02","QW023","QW",59
"Queens","Woodside","Rusty Wheelbarrow Farm","72-02 Woodside Ave, Woodside, NY 11377","Rusty Volunteers","Year Round","Saturday (Start Time: 10:30 AM - End Time:  1:00 PM)","","https://www.bigreuse.org/",402,26,4048302,NA,NA,40.7427093,-73.892547,108,60861,"POINT (-73.892547 40.7427093)","","",30,6,"QW02","QW021","QW",12
"Brooklyn","East New York (North)","East New York Farms: Ashford Learning Garden","341 Ashford St, Brooklyn, NY 11207","East New York Farms","March - November","24/7 (Start Time: 24/7 - End Time:  24/7)","","ucceny.org/enyf-old/compost/",305,42,3115000,NA,NA,40.674065,-73.885109,75,60840,"POINT (-73.885109 40.674065)","","",54,8,"BKN05","BKN051","BKN",19
"Bronx","Morrisania","Morrisania Farmstand","McKinley Square at 169th St & Boston Rd","GrowNYC","Year Round","Wednesday (Start Time: 10:00 AM - End Time:  1:00 PM)","","grownyc.org/compost",203,17,2014900,NA,NA,40.831187,-73.900567,42,60872,"POINT (-73.900567 40.831187)","","",79,15,"BX03","BX031","BX",32
"Brooklyn","Crown Heights (North)","Walt L Shamel Community Garden","1097 Dean St, Brooklyn, NY 11216","Volunteers at Walt L Shamel Community Garden","End of March - January 30","Saturday and Sunday (Start Time: 12:00 PM - End Time:  2:00 PM)","","https://www.facebook.com/WaltLShamelCommunityGarden/",308,35,3022100,NA,NA,40.67744,-73.953657,77,60469,"POINT (-73.953657 40.67744)","","",57,9,"BKN08","BKN081","BKN",20
"Manhattan","West Village","*LAST DAY DECEMBER 6* Christopher Park","West 4th Street b/w Christopher St and Grove St., west side of Christopher Park","NYC Compost Project Hosted by LES Ecology Center","Year Round","Wednesday (Start Time: 9:00 AM - End Time:  2:00 PM)","","https://www.lesecologycenter.org/programs/compost/compost-drop-off-locations/",102,3,1007100,NA,NA,40.733536,-74.002663,6,60565,"POINT (-74.002663 40.733536)","","",66,10,"MN02","MN021","MN",27
"Queens","Springfield Gardens (South)-Brookville","Garden of Resilience","179-18 145th Dr, Jamaica, NY 11434","Volunteers at Garden of Resilience","Year Round","Saturday (Start Time: 9:00 AM - End Time:  1:00 PM)","","http://www.laurelton.nyc/resilience",413,31,4032000,NA,NA,40.66392,-73.76626,105,60887,"POINT (-73.76626 40.66392)","","",31,5,"QE13","QE138","QE",10
"Bronx","Concourse-Concourse Village","BronxWorks Carolyn McLaughlin Community Center","1130 Grand Concourse","GrowNYC","Year Round","Thursday (Start Time: 10:00 AM - End Time:  1:00 PM)","","grownyc.org/compost",204,16,2018102,NA,NA,40.83268,-73.918805,44,60765,"POINT (-73.918805 40.83268)","","",77,15,"BX04","BX042","BX",32
"Manhattan","Financial District-Battery Park City","Battery Park City North End Dog Run","Battery Park City North End Dog Run","Battery Park City Authority","Year Round","24/7 (Start Time: 24/7 - End Time:  24/7)","","https://bpca.ny.gov/nature-and-sustainability/sustainability/",101,1,1031703,1000030001,1000000,40.716483,-74.014855,1,60550,"POINT (-74.014855 40.716483)","","",61,10,"MN01","MN011","MN",27
"Brooklyn","Bay Ridge","Bay Ridge Greenmarket","3rd Ave & 95th Street","GrowNYC","Year Round","Saturday (Start Time: 8:00 AM - End Time:  12:30 PM)","","grownyc.org/compost",310,47,3005400,NA,NA,40.6174,-74.033703,68,60812,"POINT (-74.033703 40.6174)","","",46,11,"BKS10","BKS103","BKS",26
"Manhattan","Harlem (North)","134th Street Farm","118 W 134th St","Harlem Grown","Year Round","24/7 (Start Time: 24/7 - End Time:  24/7)","","www.harlemgrown.org/volunteer",110,9,1022600,NA,NA,40.81380167,-73.94286914,32,60696,"POINT (-73.94286914 40.81380167)","","",70,13,"MN10","MN103","MN",30
"Bronx","Bedford Park","Meg?s Community Garden at The James Baldwin Outdoor Learning Center Farmer?s Mark","100 W Mosholu Pkwy S, The Bronx, NY 10468","Volunteers at James Baldwin Outdoor Learning Center","Spring - Fall","Saturday (Start Time: 10:00 AM - End Time:  3:00 PM)","Site entrance is on the Goulden Ave side of campus","https://www.jamesbaldwinoutdoorlearningcenter.org/",207,11,2040900,NA,NA,40.88207,-73.88825,52,60797,"POINT (-73.88825 40.88207)","","",81,13,"BX07","BX072","BX",33
"Manhattan","Morningside Heights","Columbia Sunday Greenmarket","Broadway between 114th St. and 115th St.","GrowNYC","Year Round","Sunday (Start Time: 8:00 AM - End Time:  12:00 PM)","","grownyc.org/compost",109,7,1020300,NA,NA,40.807138,-73.96437,26,60496,"POINT (-73.96437 40.807138)","","",69,13,"MN09","MN091","MN",30
"Manhattan","SoHo-Little Italy-Hudson Square","*LAST DAY DECEMBER 6* 6th Ave & Spring St","6th Avenue & Spring Street -NE Corner","NYC Compost Project Hosted by LES Ecology Center","Year Round","Wednesday (Start Time: 9:00 AM - End Time:  2:00 PM)","","https://www.lesecologycenter.org/programs/compost/compost-drop-off-locations/",102,1,1004900,NA,NA,40.7256282,-74.003866,1,60559,"POINT (-74.003866 40.7256282)","","",66,10,"MN02","MN021","MN",27
"Bronx","Morris Park","Albert Einstein College of Medicine (AECOM) Garden Club","Near 1975 Eastchester Road","Volunteers at Einstein Community Garden","Year Round","Wednesday (Start Time: 4:00 PM - End Time:  5:00 PM)","","",211,13,2029600,2042050002,2102976,40.85322611,-73.8434618,49,60844,"POINT (-73.8434618 40.85322611)","","",80,14,"BX11","BX112","BX",34
"Brooklyn","East Flatbush-Erasmus","Rogers / Tilden / Veronica Place Garden","2601 - 2603 Tilden Avenue, Brooklyn 11226","Rogers / Tilden / Veronica Place Garden","Year Round","Saturday (Start Time: 10:00 AM - End Time:  12:00 PM)","","",317,40,3079400,NA,NA,40.6472062,-73.9526235,67,60876,"POINT (-73.9526235 40.6472062)","","",42,9,"BKN17","BKN174","BKN",21
"Brooklyn","Carroll Gardens-Cobble Hill-Gowanus-Red Hook","Carroll Gardens Greenmarket","Smith St and 1st Pl","GrowNYC","Year Round","Sunday (Start Time: 8:00 AM - End Time:  12:00 PM)","","grownyc.org/compost",306,39,3007700,NA,NA,40.679954,-73.99517,76,60823,"POINT (-73.99517 40.679954)","","",52,10,"BKS06","BKS062","BKS",26
"Bronx","Longwood","Kelly Street Garden","924 Kelly St, The Bronx, NY 10459","Volunteers at Kelly Street Garden","Year Round","Saturday (Start Time: 10:00 AM - End Time:  2:00 PM)","","https://www.facebook.com/kellyst.garden/",202,17,2008700,NA,NA,40.820124,-73.895674,41,60829,"POINT (-73.895674 40.820124)","","",85,14,"BX02","BX021","BX",32
"Brooklyn","Carroll Gardens-Cobble Hill-Gowanus-Red Hook","Big Reuse Warehouse","1 12th St, Brooklyn NY 11215","NYC Compost Project Hosted by Big Reuse","Year Round","Every Day (Start Time: 10:00 AM - End Time:  6:00 PM)","","https://www.bigreuse.org/service/compost/",306,38,3011902,NA,NA,40.672077,-73.996401,78,60449,"POINT (-73.996401 40.672077)","","",52,10,"BKS06","BKS065","BKS",26
"Bronx","Kingsbridge-Marble Hill","Spuyten Duyvil PreSchool","3041 Kingsbridge Avenue","Spuyten Duyvil PreSchool","September - June","Friday (Start Time: 8:00 AM - End Time:  12:00 PM)","Remove all plastic, stickers and zip ties before dropping off food scraps","www.spuytenduyvilpreschool.org",208,11,2028900,NA,NA,40.879247,-73.90727,50,60801,"POINT (-73.90727 40.879247)","","",81,13,"BX08","BX082","BX",31
"Bronx","West Farms","Drew Gardens","1070 East Tremont Avenue. between Bronx Street and, Boston Rd, The Bronx, NY 10460","Volunteers at Drew Gardens","Year Round","Monday, Wednesday, Friday (Start Time: 4:00 PM - End Time:  7:00 PM)","","https://www.facebook.com/drewgardens.educationalrecreational",206,15,2006000,NA,NA,40.839897,-73.879181,48,60780,"POINT (-73.879181 40.839897)","","",87,14,"BX06","BX062","BX",32
"Manhattan","Financial District-Battery Park City","Battery Park City West Thames Park","Liberty Court, 200 Rector Pl, New York, NY 10280","Battery Park City Authority","Year Round","24/7 (Start Time: 24/7 - End Time:  24/7)","","https://bpca.ny.gov/nature-and-sustainability/sustainability/",101,1,1031704,NA,NA,40.708464,-74.016164,1,60554,"POINT (-74.016164 40.708464)","","",61,10,"MN01","MN011","MN",27
"Bronx","University Heights (South)-Morris Heights","Francis Martin Library","2150 University Avenue Bronx, NY 10453","","Year Round","Wednesday (Start Time: 12:00 PM - End Time:  1:00 PM)","","https://www.nypl.org/locations/francis-martin",205,14,2025100,NA,NA,40.8575626,-73.909437,46,60769,"POINT (-73.909437 40.8575626)","","",86,13,"BX05","BX051","BX",33
"Brooklyn","Bushwick (East)","Moffat Street Community Garden","9 Moffat St, Brooklyn, NY 11207","Moffat St Community Garden","Year Round","Saturday (Start Time: 10:30 AM - End Time:  12:30 PM)","","",304,37,3040300,NA,NA,40.6843646,-73.9107326,83,60422,"POINT (-73.9107326 40.6843646)","","",54,7,"BKN04","BKN043","BKN",18
"Brooklyn","Windsor Terrace-South Slope","East 4th Street Community Garden","173 E 4th St, Brooklyn, NY 11218","Members at East 4th Street Community Garden","April - October","Wednesday and Saturday (Start Time: Wednesday 4:30 PM, Saturday 9:00 AM, Sunday 10:00 AM - End Time:  Wednesday 6:30 PM, Saturday 1:00 PM, Sunday 12:00 PM)","No meat, bones, or dairy.","https://eastfourthstreetgarden.tumblr.com/",307,39,3050001,NA,NA,40.6483066,-73.9772287,72,60808,"POINT (-73.9772287 40.6483066)","","",44,10,"BKS07","BKS071","BKS",20
"Brooklyn","Bushwick (West)","EL Garden","120 Jefferson St, Brooklyn, NY 11206","EL Garden","Year Round","24/7 (Start Time: 24/7 - End Time:  24/7)","","https://www.facebook.com/elgardenbushwickpage/",304,34,3042500,NA,NA,40.69955,-73.93066,83,60400,"POINT (-73.93066 40.69955)","","",53,7,"BKN04","BKN041","BKN",18
